INSERT INTO tb_product (product_id, name, price, image_Uri, description, created_at) VALUES ('06c51613-7e7d-4d13-bca2-137f618f5921', 'Pizza Bacon', 49.9, 'https://raw.githubusercontent.com/devsuperior/sds2/master/assets/pizza_bacon.jpg', 'Pizza de bacon com mussarela, orégano, molho especial e tempero da casa.', NOW());
INSERT INTO tb_product (product_id, name, price, image_Uri, description, created_at) VALUES ('0ab179a8-506f-4b81-a1d2-f0e16f27b746', 'Pizza Moda da Casa', 59.9, 'https://raw.githubusercontent.com/devsuperior/sds2/master/assets/pizza_moda.jpg', 'Pizza à moda da casa, com molho especial e todos ingredientes básicos, e queijo à sua escolha.', NOW());
INSERT INTO tb_product (product_id, name, price, image_Uri, description, created_at) VALUES ('61a0be5f-f2f7-46bd-ab8d-28cbfeab3e4a', 'Pizza Portuguesa', 45.0, 'https://raw.githubusercontent.com/devsuperior/sds2/master/assets/pizza_portuguesa.jpg', 'Pizza Portuguesa com molho especial, mussarela, presunto, ovos e especiarias.', NOW());
INSERT INTO tb_product (product_id, name, price, image_Uri, description, created_at) VALUES ('85a7fcfd-3621-41a7-95ea-20ac6e828bdc', 'Risoto de Carne', 52.0, 'https://raw.githubusercontent.com/devsuperior/sds2/master/assets/risoto_carne.jpg', 'Risoto de carne com especiarias e um delicioso molho de acompanhamento.', NOW());
INSERT INTO tb_product (product_id, name, price, image_Uri, description, created_at) VALUES ('095f5bfb-2d9f-4ab2-8446-3dcc7ad4a677', 'Risoto Funghi', 59.95, 'https://raw.githubusercontent.com/devsuperior/sds2/master/assets/risoto_funghi.jpg', 'Risoto Funghi feito com ingredientes finos e o toque especial do chef.', NOW());
INSERT INTO tb_product (product_id, name, price, image_Uri, description, created_at) VALUES ('6b5195e1-56f5-42ba-bb5b-f7cefb38d50c', 'Macarrão Espaguete', 35.9, 'https://raw.githubusercontent.com/devsuperior/sds2/master/assets/macarrao_espaguete.jpg', 'Macarrão fresco espaguete com molho especial e tempero da casa.', NOW());
INSERT INTO tb_product (product_id, name, price, image_Uri, description, created_at) VALUES ('2bab8b33-3e7f-4b4a-b28d-5fd3970b34ce', 'Macarrão Fusili', 38.0, 'https://raw.githubusercontent.com/devsuperior/sds2/master/assets/macarrao_fusili.jpg', 'Macarrão fusili com toque do chef e especiarias.', NOW());
INSERT INTO tb_product (product_id, name, price, image_Uri, description, created_at) VALUES ('6cd41b2f-6cbf-4dae-b568-8fc7b36ba5ea', 'Macarrão Penne', 37.9, 'https://raw.githubusercontent.com/devsuperior/sds2/master/assets/macarrao_penne.jpg', 'Macarrão penne fresco ao dente com tempero especial.', NOW());

INSERT INTO tb_product_order (product_order_id, status, latitude, longitude, address, created_at) VALUES ('e8497e37-663a-4693-8743-c4ab7d968923', 0, -23.561680, -46.656139, 'Avenida Paulista, 1500', TIMESTAMP WITH TIME ZONE '2021-01-01T10:00:00Z');
INSERT INTO tb_product_order (product_order_id, status, latitude, longitude, address, created_at) VALUES ('13d94a13-7602-4ae8-9a1d-6f4015644b54', 1, -22.946779, -43.217753, 'Avenida Paulista, 1500', TIMESTAMP WITH TIME ZONE '2021-01-01T15:00:00Z');
INSERT INTO tb_product_order (product_order_id, status, latitude, longitude, address, created_at) VALUES ('96694424-13c1-4724-a4ff-dacd1dcfb6ae', 0, -25.439787, -49.237759, 'Avenida Paulista, 1500', TIMESTAMP WITH TIME ZONE '2021-01-01T16:00:00Z');
INSERT INTO tb_product_order (product_order_id, status, latitude, longitude, address, created_at) VALUES ('d6677cd2-f077-4f50-8c1b-d590a1057019', 0, -23.561680, -46.656139, 'Avenida Paulista, 1500', TIMESTAMP WITH TIME ZONE '2021-01-01T12:00:00Z');
INSERT INTO tb_product_order (product_order_id, status, latitude, longitude, address, created_at) VALUES ('ce70a9a1-ea3f-4d72-8efb-9719f876525d', 1, -23.561680, -46.656139, 'Avenida Paulista, 1500', TIMESTAMP WITH TIME ZONE '2021-01-01T08:00:00Z');
INSERT INTO tb_product_order (product_order_id, status, latitude, longitude, address, created_at) VALUES ('bb519b32-5c54-4f4f-b746-413c5693e1c3', 0, -23.561680, -46.656139, 'Avenida Paulista, 1500', TIMESTAMP WITH TIME ZONE '2021-01-01T14:00:00Z');
INSERT INTO tb_product_order (product_order_id, status, latitude, longitude, address, created_at) VALUES ('50bed8c1-f9ad-4f11-abed-0b440db0f973', 0, -23.561680, -46.656139, 'Avenida Paulista, 1500', TIMESTAMP WITH TIME ZONE '2021-01-01T09:00:00Z');

INSERT INTO tb_product_order_association (product_order_id, product_id) VALUES ('e8497e37-663a-4693-8743-c4ab7d968923', '06c51613-7e7d-4d13-bca2-137f618f5921');
INSERT INTO tb_product_order_association (product_order_id, product_id) VALUES ('e8497e37-663a-4693-8743-c4ab7d968923', '85a7fcfd-3621-41a7-95ea-20ac6e828bdc');
INSERT INTO tb_product_order_association (product_order_id, product_id) VALUES ('13d94a13-7602-4ae8-9a1d-6f4015644b54', '0ab179a8-506f-4b81-a1d2-f0e16f27b746');
INSERT INTO tb_product_order_association (product_order_id, product_id) VALUES ('13d94a13-7602-4ae8-9a1d-6f4015644b54', '095f5bfb-2d9f-4ab2-8446-3dcc7ad4a677');
INSERT INTO tb_product_order_association (product_order_id, product_id) VALUES ('13d94a13-7602-4ae8-9a1d-6f4015644b54', '6cd41b2f-6cbf-4dae-b568-8fc7b36ba5ea');
INSERT INTO tb_product_order_association (product_order_id, product_id) VALUES ('96694424-13c1-4724-a4ff-dacd1dcfb6ae', '61a0be5f-f2f7-46bd-ab8d-28cbfeab3e4a');
INSERT INTO tb_product_order_association (product_order_id, product_id) VALUES ('96694424-13c1-4724-a4ff-dacd1dcfb6ae', '85a7fcfd-3621-41a7-95ea-20ac6e828bdc');
INSERT INTO tb_product_order_association (product_order_id, product_id) VALUES ('d6677cd2-f077-4f50-8c1b-d590a1057019', '0ab179a8-506f-4b81-a1d2-f0e16f27b746');
INSERT INTO tb_product_order_association (product_order_id, product_id) VALUES ('d6677cd2-f077-4f50-8c1b-d590a1057019', '6b5195e1-56f5-42ba-bb5b-f7cefb38d50c');
INSERT INTO tb_product_order_association (product_order_id, product_id) VALUES ('ce70a9a1-ea3f-4d72-8efb-9719f876525d', '85a7fcfd-3621-41a7-95ea-20ac6e828bdc');
INSERT INTO tb_product_order_association (product_order_id, product_id) VALUES ('ce70a9a1-ea3f-4d72-8efb-9719f876525d', '6b5195e1-56f5-42ba-bb5b-f7cefb38d50c');
INSERT INTO tb_product_order_association (product_order_id, product_id) VALUES ('bb519b32-5c54-4f4f-b746-413c5693e1c3', '095f5bfb-2d9f-4ab2-8446-3dcc7ad4a677');
INSERT INTO tb_product_order_association (product_order_id, product_id) VALUES ('bb519b32-5c54-4f4f-b746-413c5693e1c3', '06c51613-7e7d-4d13-bca2-137f618f5921');
INSERT INTO tb_product_order_association (product_order_id, product_id) VALUES ('50bed8c1-f9ad-4f11-abed-0b440db0f973', '2bab8b33-3e7f-4b4a-b28d-5fd3970b34ce');
INSERT INTO tb_product_order_association (product_order_id, product_id) VALUES ('50bed8c1-f9ad-4f11-abed-0b440db0f973', '095f5bfb-2d9f-4ab2-8446-3dcc7ad4a677');